locus_id,species,assembly,anchor_kind,anchor_label,matched_symbol,resolution_method,src_seqid,src_pos,n_genes,n_orth,n_support,cat_chrom,cat_seqid,rho,proj_start,proj_end,proj_point,span,anchor_ortholog,p_coloc,collinear_frac,conservation_class
S001,Salmo salar,GCF_965601325.1,gene,E2F,e2f1,source:duplicate-suffix,NC_138303.1,34461945,21,8,7,chr16,NC_069725.1,-0.25,21442817,23394981,23361901,1952164,e2f1,5.185840376909025e-13,0.857,strong
S008,Epinephelus fuscoguttatus,GCF_011397635.1,gene,bmp2k,bmp2k,source:exact/synonym,NC_064757.1,42152405,21,14,13,chr24,NC_069733.1,-1.0,11956647,12548034,12122589,591387,bmp2k,4.545720361210099e-24,1.0,strong
S009,Hypophthalmichthys nobilis,GCF_019924925.1,gene,fndc5b,fndc5b,source:exact/synonym,NC_067238.1,22345352,21,20,19,chr29,NC_069738.1,1.0,7133752,8249561,7723719,1115809,fndc5b,3.254130273935032e-35,1.0,strong
S010,Micropterus salmoides,GCF_014851395.1,gene,igf1,igf1,source:exact/synonym,NW_024041484.1,20523910,21,19,9,chr18,NC_069727.1,0.9833333333333332,1244173,3569837,3412760,2325664,igf1,9.209593346144497e-13,0.889,strong
S010,Micropterus salmoides,GCF_014851395.1,gene,myf5,myf5,source:exact/synonym,NW_024041484.1,19751846,21,17,8,chr18,NC_069727.1,-1.0,1244173,1617224,1462791,373051,myf5,1.8771492928204855e-11,1.0,strong
S010,Micropterus salmoides,GCF_014851395.1,gene,myf6,myf6,source:exact/synonym,NW_024041484.1,19757545,21,18,8,chr18,NC_069727.1,-1.0,1244173,1617224,1444948,373051,myf6,3.3396300054674085e-11,1.0,strong
S013,Lateolabrax maculatus,GCA_031216445.1,gene,SORCS2,sorcs2,source:exact/synonym,CM062207.1,16154846,21,17,6,chr4,NC_069713.1,0.1428571428571428,19628254,21722389,23182015,2094135,,5.480593325655092e-08,0.833,strong
S014,Lateolabrax maculatus,GCA_031216445.1,gene,SORCS2,sorcs2,source:exact/synonym,CM062207.1,16154846,21,17,6,chr4,NC_069713.1,0.1428571428571428,19628254,21722389,23182015,2094135,,5.480593325655092e-08,0.833,strong
S015,Lateolabrax maculatus,GCA_031216445.1,gene,SLC7A8,slc7a8a,source:duplicate-suffix,CM062207.1,6690081,21,14,14,chr4,NC_069713.1,0.912087912087912,11367649,11979473,11575940,611824,slc7a8a,4.299898583623572e-27,0.714,strong
S017,Oreochromis niloticus,GCF_001858045.2,gene,galnt9,galnt9,source:exact/synonym,NC_031977.2,8960129,21,19,10,chr24,NC_069733.1,0.3939393939393939,16680696,19927353,19362993,3246657,galnt9,1.2178115122623603e-14,0.7,strong
S017,Oreochromis niloticus,GCF_001858045.2,gene,esrrg,esrrga,source:duplicate-suffix,NC_031965.2,26557852,21,14,5,chr10,NC_069719.1,-1.0,23475753,24040643,23773737,564890,esrrga,6.951069619744581e-07,1.0,moderate
S018,Epinephelus tukula,GCF_041903045.1,gene,CCDC102A,ccdc102a,source:exact/synonym,NC_135735.1,5338707,21,20,8,chr11,NC_069720.1,-0.4285714285714286,807434,10535948,807434,9728514,ccdc102a,9.392136246587803e-11,0.625,moderate
S018,Epinephelus tukula,GCF_041903045.1,gene,NTRK2,ntrk2a,source:duplicate-suffix,NC_135742.1,21942948,21,11,8,chr8,NC_069717.1,1.0,23993298,24157376,24073839,164078,ntrk2a,1.366631909552117e-13,1.0,strong
S018,Epinephelus tukula,GCF_041903045.1,gene,CTSL,ctsla,source:duplicate-suffix,NC_135742.1,8496724,21,15,15,chr24,NC_069733.1,0.2142857142857142,8721425,14939822,11271231,6218397,ctsla,5.625146001980318e-29,0.667,moderate
S018,Epinephelus tukula,GCF_041903045.1,gene,OTOF,otofa,source:duplicate-suffix,NC_135746.1,19759480,21,17,10,chr30,NC_069739.1,-0.9878787878787878,10436877,11328269,10925269,891392,,2.625852950332614e-15,0.9,strong
S018,Epinephelus tukula,GCF_041903045.1,gene,nes,nes,source:exact/synonym,NC_135743.1,5118368,21,10,7,chr1,NC_069710.1,1.0,19631510,19790995,19790995,159485,nes,7.601744729503754e-12,1.0,strong
S025,Culter alburnus,GCA_040182925.1,gene,aig1,ABG768_014434,catfish-bridge:RBH,CM079601.1,29640876,21,15,15,chr30,NC_069739.1,-0.4107142857142856,12029294,12380046,12099479,350752,aig1,5.625146001980318e-29,0.667,moderate
S025,Culter alburnus,GCA_040182925.1,gene,cacna1b,ABG768_023021,catfish-bridge:RBH,CM079586.1,36092723,21,19,19,chr24,NC_069733.1,1.0,14174388,14758553,14533559,584165,cacna1ba,1.6475406757077463e-36,1.0,strong
S025,Culter alburnus,GCA_040182925.1,gene,pgm5,ABG768_026559,catfish-bridge:RBH,CM079589.1,22649574,21,14,10,chr8,NC_069717.1,-0.0303030303030303,13632748,16623069,15150717,2990321,,1.400907326632718e-16,0.8,strong
S025,Culter alburnus,GCA_040182925.1,gene,bcr,ABG768_015116,catfish-bridge:RBH,CM079602.1,13074254,21,17,17,chr15,NC_069724.1,-0.1151960784313725,18480375,22254333,22151890,3773958,bcr,9.626867011160682e-33,0.824,strong
S026,Channa maculata,GCF_033026475.1,gene,HS6ST1,hs6st1a,source:duplicate-suffix,NC_090212.1,14864217,21,14,8,chr4,NC_069713.1,-1.0,31095420,31514170,31378873,418750,,2.4015556399957098e-12,1.0,strong
S027,Ctenopharyngodon idella,GCF_019924925.1,gene,UBL5,LOC127518363,catfish-bridge:RBH,NC_067220.1,3580462,21,7,7,chr26,NC_069735.1,0.9642857142857144,18403555,18572244,18503631,168689,ubl5,6.557361194583971e-14,0.857,strong
W001,Salmo salar,GCF_965601325.1,gene,MDH,LOC100194641,catfish-bridge:RBH,NC_138303.1,76251451,21,11,5,chr27,NC_069736.1,-0.6,13924018,14961321,13568465,1037303,,1.6575983688135404e-07,0.6,moderate
W001,Salmo salar,GCF_965601325.1,gene,FRA10AC1,fra10ac1,source:exact/synonym,NC_138318.1,8726293,21,12,9,chr12,NC_069721.1,0.65,6209533,9910958,6222811,3701425,fra10ac1,2.382724713378349e-15,0.889,strong
W001,Salmo salar,GCF_965601325.1,gene,E2F,e2f1,source:duplicate-suffix,NC_138303.1,34461945,21,8,7,chr16,NC_069725.1,-0.25,21442817,23394981,23361901,1952164,e2f1,5.185840376909025e-13,0.857,strong
W002,Salmo salar,GCF_965601325.1,gene,POMT1,pomt1,source:exact/synonym,NC_138310.1,13279418,21,13,4,chr24,NC_069733.1,-1.0,15242420,15393085,15744348,150665,,1.905283352548773e-05,1.0,moderate
W002,Salmo salar,GCF_965601325.1,gene,AGRN,LOC106572186,catfish-bridge:RBH,NC_138305.1,76436896,21,11,3,chr8,NC_069717.1,-1.0,22227251,22902008,21668249,674757,,0.0003414550638431,1.0,weak
W002,Salmo salar,GCF_965601325.1,gene,NOTCH3,LOC106607201,catfish-bridge:RBH,NC_138296.1,39953547,21,10,7,chr23,NC_069732.1,1.0,4845504,5546765,4877110,701261,notch3,7.601744729503754e-12,1.0,strong
W002,Salmo salar,GCF_965601325.1,gene,MYH9,LOC100380669,catfish-bridge:RBH,NC_138296.1,36634807,21,10,10,chr29,NC_069738.1,-0.0181818181818181,3995356,4348923,4316049,353567,myh9b,1.4681007688141322e-19,0.8,strong
W002,Salmo salar,GCF_965601325.1,gene,MYO18AB,LOC106581247,catfish-bridge:RBH,NC_138310.1,70420480,21,7,4,chr14,NC_069723.1,0.1999999999999999,10756447,13081238,10756447,2324791,myo18ab,9.93274100991194e-07,0.75,moderate
W004,Oncorhynchus mykiss,GCF_013265735.2,gene,Sox2,sox2,source:exact/synonym,NC_048569.1,67623313,21,12,5,chr11,NC_069720.1,-1.0,11776287,13268073,11776287,1491786,sox2,2.81067780988277e-07,1.0,moderate
W004,Oncorhynchus mykiss,GCF_013265735.2,gene,Trim33,LOC110532346,catfish-bridge:RBH,NC_048573.1,52342375,21,11,6,chr8,NC_069717.1,1.0,1486776,5928510,5887831,4441734,trim33,2.1888726738508796e-09,1.0,strong
W004,Oncorhynchus mykiss,GCF_013265735.2,gene,Ksr1,ksr1a,source:duplicate-suffix,NC_048574.1,39868427,21,10,6,chr17,NC_069726.1,1.0,3416013,4161211,3806461,745198,,1.0062142903441982e-09,1.0,strong
W006,Salmo salar,GCF_965601325.1,gene,VTN,vtnb,source:duplicate-suffix,NC_138294.1,38827669,21,15,12,chr15,NC_069724.1,-0.7832167832167832,3000831,9198205,3077352,6197374,vtnb,1.10227651958724e-20,0.75,strong
W006,Salmo salar,GCF_965601325.1,gene,MRAP2,LOC106605485,catfish-bridge:RBH,NC_138295.1,67538220,21,10,4,chr1,NC_069710.1,-1.0,16101804,16600464,16775524,498660,,5.774805778411311e-06,1.0,moderate
W007,Cyprinus carpio,GCF_018340385.1,gene,igf1,igf1,source:exact/synonym,NC_056600.1,13281266,21,15,13,chr18,NC_069727.1,0.9945054945054944,2890109,3569837,3412760,679728,igf1,3.367878148003425e-23,0.923,strong
W007,Cyprinus carpio,GCF_018340385.1,gene,igf3,LOC109068761,catfish-bridge:RBH,NC_056604.1,7808504,21,12,12,chr8,NC_069717.1,0.9300699300699302,604527,1530501,941690,925974,igf3,2.512505605255551e-23,0.75,strong
W007,Cyprinus carpio,GCF_018340385.1,gene,grb10,LOC109079331,catfish-bridge:RBH,NC_056590.1,14012485,21,12,6,chr23,NC_069732.1,1.0,7636383,7897050,8030632,260667,,4.328715131661861e-09,1.0,strong
W007,Cyprinus carpio,GCF_018340385.1,gene,igf1r,LOC109104460,catfish-bridge:RBH,NC_056614.1,16851455,21,15,15,chr6,NC_069715.1,-1.0,14407919,14834053,14661976,426134,igf1ra,5.625146001980318e-29,1.0,strong
W007,Cyprinus carpio,GCF_018340385.1,gene,notch2,notch2,source:exact/synonym,NC_056579.1,9736744,21,8,8,chr8,NC_069717.1,1.0,2403747,3073362,2717118,669615,notch2,8.578368394021649e-16,1.0,strong
W007,Cyprinus carpio,GCF_018340385.1,gene,sfrp2,LOC109110030,catfish-bridge:RBH,NC_056572.1,2800565,21,10,6,chr28,NC_069737.1,1.0,38664,359007,38664,320343,sfrp2,1.0062142903441982e-09,1.0,strong
W007,Cyprinus carpio,GCF_018340385.1,gene,srpk2,srpk2,source:exact/synonym,NC_056596.1,20707496,21,11,8,chr9,NC_069718.1,-0.1904761904761905,20226431,21119639,20489267,893208,,1.366631909552117e-13,0.625,moderate
W008,Epinephelus coioides,GCA_051314025.1,gene,adgrb2,ABVT39_025855,catfish-bridge:RBH,CM120194.1,12769923,21,13,7,chr23,NC_069732.1,-0.8571428571428573,10490343,11309522,10748923,819179,,1.0501723997700504e-10,0.714,strong
W008,Epinephelus coioides,GCA_051314025.1,gene,csnk2a1,ABVT39_005520,catfish-bridge:RBH,CM120187.1,23231002,21,11,4,chr1,NC_069710.1,-0.3999999999999999,20298848,26654255,20298848,6355407,csnk2a1,8.979974887857002e-06,0.75,moderate
W008,Epinephelus coioides,GCA_051314025.1,gene,cers5,ABVT39_023777,catfish-bridge:RBH,CM120179.1,35514914,21,15,9,chr20,NC_069729.1,1.0,14070847,14560709,14534988,489862,cers5,5.2315671400590404e-14,1.0,strong
W008,Epinephelus coioides,GCA_051314025.1,gene,col22a1,ABVT39_007429,catfish-bridge:RBH,CM120194.1,6353423,21,9,6,chr9,NC_069718.1,1.0,4454095,5057966,4775649,603871,col22a1,4.070467629753816e-10,1.0,strong
W008,Epinephelus coioides,GCA_051314025.1,gene,dnd1,ABVT39_007056,catfish-bridge:RBH,CM120186.1,40298984,21,10,4,chr7,NC_069716.1,-0.7999999999999999,4343488,12174387,5484027,7830899,,5.774805778411311e-06,0.75,moderate
W008,Epinephelus coioides,GCA_051314025.1,gene,dzank1,ABVT39_012406,catfish-bridge:RBH,CM120181.1,50435287,21,13,6,chr25,NC_069734.1,0.5428571428571429,15887788,16238906,15896318,351118,dzank1,7.949027610248881e-09,0.5,moderate
W008,Epinephelus coioides,GCA_051314025.1,gene,dnai1,ABVT39_012923,catfish-bridge:RBH,CM120179.1,17549161,21,10,7,chr15,NC_069724.1,-0.25,20660631,21502953,21502953,842322,dnai1.2,7.601744729503754e-12,0.857,strong
W008,Epinephelus coioides,GCA_051314025.1,gene,fat3,ABVT39_006834,catfish-bridge:RBH,CM120183.1,3980652,21,10,7,chr14,NC_069723.1,0.3928571428571429,10037986,13006889,10881935,2968903,,7.601744729503754e-12,0.571,moderate
W008,Epinephelus coioides,GCA_051314025.1,gene,lrrk2,ABVT39_026594,catfish-bridge:RBH,CM120182.1,43520164,21,13,7,chr6,NC_069715.1,0.25,11998887,12363216,12162683,364329,,1.0501723997700504e-10,0.857,strong
W010,Oncorhynchus mykiss,GCF_013265735.2,gene,ETFDH,etfdh,source:exact/synonym,NC_050571.1,38930976,21,11,11,chr7,NC_069716.1,0.990909090909091,1262956,5468372,4745626,4205416,etfdh,1.9205758018691918e-21,0.909,strong
W010,Oncorhynchus mykiss,GCF_013265735.2,gene,LAMP2,lamp2,source:exact/synonym,NC_050571.1,41148635,21,16,16,chr7,NC_069716.1,0.5676470588235295,15043578,16103426,15680806,1059848,lamp2,7.358840430354957e-31,0.562,moderate
W010,Oncorhynchus mykiss,GCF_013265735.2,gene,TNFRSF5A,cd40,source:exact/synonym,NC_048580.1,43200804,21,8,8,chr16,NC_069725.1,1.0,18142116,20100584,19097530,1958468,,8.578368394021649e-16,1.0,strong
W010,Oncorhynchus mykiss,GCF_013265735.2,gene,cd34a,cd34a,source:exact/synonym,NC_048580.1,44578207,21,10,10,chr16,NC_069725.1,-0.9636363636363636,17020204,21183560,18408041,4163356,,1.4681007688141322e-19,0.9,strong
W010,Oncorhynchus mykiss,GCF_013265735.2,gene,mcts1,mcts1,source:exact/synonym,NC_048578.1,20210880,21,9,8,chr7,NC_069716.1,0.9761904761904764,15616526,15747727,15660096,131201,mcts1,7.630753484301404e-15,0.875,strong
W011,Epinephelus lanceolatus,GCF_041903045.1,gene,ABHD17C,abhd17c,source:exact/synonym,NC_135735.1,48748730,21,16,9,chr11,NC_069720.1,0.0499999999999999,9393031,10212712,9595220,819681,abhd17c,1.18171798469816e-13,0.778,strong
W012,Larimichthys crocea,GCF_000972845.2,gene,fgf1,fgf1a,source:duplicate-suffix,NC_040011.1,37195581,21,19,12,chr9,NC_069718.1,0.5804195804195805,8173926,9923842,9896304,1749916,fgf1a,1.162807614155725e-18,0.583,moderate
W012,Larimichthys crocea,GCF_000972845.2,gene,nr3c1,nr3c1,source:exact/synonym,NC_040011.1,37208528,21,19,11,chr9,NC_069718.1,0.4818181818181818,8173926,9923842,9868246,1749916,nr3c1,1.3180944592060843e-16,0.636,moderate
W012,Larimichthys crocea,GCF_000972845.2,gene,fabp2,fabp2,source:exact/synonym,NC_040020.1,2859238,21,16,7,chr28,NC_069737.1,-0.25,227624,552691,301050,325067,fabp2,6.763772994549771e-10,0.857,strong
W012,Larimichthys crocea,GCF_000972845.2,gene,cyp2r1,cyp2r1,source:exact/synonym,NC_040018.1,12216278,21,19,16,chr11,NC_069720.1,-0.3529411764705882,49297,1818714,56204,1769417,LOC113536444,6.8705661178028585e-28,0.688,moderate
W012,Larimichthys crocea,GCF_000972845.2,gene,ppara,pparaa,source:exact/synonym,NC_040030.1,12730157,21,17,16,chr18,NC_069727.1,-0.7294117647058823,14495008,17459839,15516718,2964831,,1.2355998859424853e-29,0.625,moderate
W012,Larimichthys crocea,GCF_000972845.2,gene,col1a1,col1a1a,source:duplicate-suffix,NC_040022.1,11325234,21,8,2,chr27,NC_069736.1,,6734357,13936878,11720717,7202521,,0.0045472294017425,1.0,weak
W012,Larimichthys crocea,GCF_000972845.2,gene,col11a2,col11a2,source:exact/synonym,NC_040023.1,10628342,21,17,6,chr23,NC_069732.1,-1.0,7791053,8026050,8085706,234997,,5.480593325655092e-08,1.0,strong
W012,Larimichthys crocea,GCF_000972845.2,gene,col18a1,col18a1a,source:duplicate-suffix,NC_040011.1,5066516,21,17,11,chr5,NC_069714.1,-0.1727272727272727,22715142,27637554,23733623,4922412,col18a1a,2.2109635350289646e-17,0.545,moderate
W012,Larimichthys crocea,GCF_000972845.2,gene,fgf18,fgf18a,source:duplicate-suffix,NC_040011.1,35292868,21,16,9,chr9,NC_069718.1,-1.0,10864446,11554704,11374929,690258,fgf18a,1.18171798469816e-13,1.0,strong
W012,Larimichthys crocea,GCF_000972845.2,gene,ccm2l,ccm2l,source:exact/synonym,NC_040025.1,12745455,21,14,10,chr16,NC_069725.1,-0.0181818181818181,11678338,13673068,13648364,1994730,ccm2l,1.400907326632718e-16,0.8,strong
W012,Larimichthys crocea,GCF_000972845.2,gene,bmp7,bmp7b,source:duplicate-suffix,NW_020861315.1,813886,21,13,9,chr16,NC_069725.1,0.35,607078,3506618,2227972,2899540,,7.652713387304902e-15,0.667,moderate
W015,Oreochromis niloticus,GCF_001858045.2,gene,RAB31,rab31,source:exact/synonym,NC_031982.2,24683357,21,19,15,chr21,NC_069730.1,-0.932142857142857,13926980,15397507,14672618,1470527,rab31,2.0753050569070653e-25,0.8,strong
W015,Oreochromis niloticus,GCF_001858045.2,gene,FSTL3,fstl3,source:exact/synonym,NC_031986.2,40776603,21,9,8,chr11,NC_069720.1,1.0,16032366,16245655,16111478,213289,fstl3,7.630753484301404e-15,1.0,strong
W015,Oreochromis niloticus,GCF_001858045.2,gene,NPR1,npr1a,source:duplicate-suffix,NC_031985.2,34492747,21,11,10,chr29,NC_069738.1,-0.6,6425781,11217494,6425781,4791713,npr1a,1.595705087676853e-18,0.6,moderate
W015,Oreochromis niloticus,GCF_001858045.2,gene,EXTL3,extl3,source:exact/synonym,NC_031980.2,14806154,21,16,8,chr19,NC_069728.1,1.0,13080127,13738547,13738547,658420,extl3,1.0054630838310446e-11,1.0,strong
W015,Oreochromis niloticus,GCF_001858045.2,gene,UTP6,utp6,source:exact/synonym,NC_031971.2,25337836,21,8,6,chr2,NC_069711.1,-0.3714285714285715,34539518,35481028,34539518,941510,utp6,1.3722020134673659e-10,0.667,moderate
W016,Cyprinus carpio,GCF_018340385.1,gene,TOX,LOC109059857,catfish-bridge:RBH,NC_056598.1,13416131,21,15,10,chr14,NC_069723.1,-1.0,24486292,25958900,24825875,1472608,tox,4.152760090394607e-16,1.0,strong
W016,Cyprinus carpio,GCF_018340385.1,gene,PLK2,LOC109086785,catfish-bridge:RBH,NC_056606.1,21439230,21,9,9,chr17,NC_069726.1,1.0,6248506,7199054,6788722,950548,plk2a,1.1222258789759767e-17,1.0,strong
W017,Epinephelus fuscoguttatus,GCF_011397635.1,gene,bmp2k,bmp2k,source:exact/synonym,NC_064757.1,42152405,21,14,13,chr24,NC_069733.1,-1.0,11956647,12548034,12122589,591387,bmp2k,4.545720361210099e-24,1.0,strong
W017,Epinephelus fuscoguttatus,GCF_011397635.1,gene,wasf1,wasf1,source:exact/synonym,NC_064762.1,16939671,21,18,12,chr30,NC_069739.1,0.8881118881118882,9265263,11480183,9350522,2214920,wasf1,4.336369949999748e-19,0.667,moderate
W017,Epinephelus fuscoguttatus,GCF_011397635.1,gene,acyp2,LOC125886197,catfish-bridge:RBH,NC_064754.1,15642,11,7,5,chr11,NC_069720.1,0.7,5737431,7312745,6128471,1575314,acyp2,7.871865109424955e-09,0.8,moderate
W018,Larimichthys crocea,GCF_000972845.2,gene,bcor,bcor,source:exact/synonym,NC_040028.1,19833616,21,16,7,chr5,NC_069714.1,1.0,8683457,8884313,8677751,200856,,6.763772994549771e-10,1.0,strong
W018,Larimichthys crocea,GCF_000972845.2,gene,mstn,mstnb,source:duplicate-suffix,NC_040011.1,7563270,21,16,9,chr5,NC_069714.1,-0.6333333333333333,27292106,29687897,29400907,2395791,mstnb,1.18171798469816e-13,0.778,strong
W018,Larimichthys crocea,GCF_000972845.2,gene,bambi,bambia,source:duplicate-suffix,NC_040033.1,18304982,21,15,9,chr12,NC_069721.1,1.0,15249573,15697796,15269020,448223,bambia,5.2315671400590404e-14,1.0,strong
W018,Larimichthys crocea,GCF_000972845.2,gene,neo1,neo1a,source:duplicate-suffix,NC_040018.1,3715874,21,16,8,chr11,NC_069720.1,-1.0,4729446,5190766,4819095,461320,neo1a,1.0054630838310446e-11,1.0,strong
W019,Oncorhynchus mykiss,GCF_013265735.2,gene,THBS1,thbs1b,source:duplicate-suffix,NC_048568.1,38638639,21,7,7,chr19,NC_069728.1,0.642857142857143,10798060,18337626,14906511,7539566,,6.557361194583971e-14,0.571,moderate
W019,Oncorhynchus mykiss,GCF_013265735.2,gene,PHGDH,phgdh,source:exact/synonym,NC_048586.1,15372426,21,10,10,chr5,NC_069714.1,0.9878787878787878,17357282,21678399,20422276,4321117,,1.4681007688141322e-19,0.9,strong
W019,Oncorhynchus mykiss,GCF_013265735.2,gene,CAV-1,cav1,source:exact/synonym,NC_048566.1,90458612,21,10,6,chr7,NC_069716.1,-1.0,27572900,30337729,27961038,2764829,cav1,1.0062142903441982e-09,1.0,strong
W019,Oncorhynchus mykiss,GCF_013265735.2,gene,CCND1,ccnd1,source:exact/synonym,NC_048570.1,57959098,21,13,10,chr11,NC_069720.1,-0.9878787878787878,673374,4668220,4510293,3994846,ccnd1,4.0507524966547385e-17,0.9,strong
W020,Hypophthalmichthys nobilis,GCF_019924925.1,gene,prdm1b,prdm1b,source:exact/synonym,NC_067238.1,32521609,21,19,8,chr23,NC_069732.1,-1.0,14807940,14893460,14940265,85520,,5.701472966926293e-11,1.0,strong
W020,Hypophthalmichthys nobilis,GCF_019924925.1,gene,fndc5b,fndc5b,source:exact/synonym,NC_067238.1,22345352,21,20,19,chr29,NC_069738.1,1.0,7133752,8249561,7723719,1115809,fndc5b,3.254130273935032e-35,1.0,strong
W020,Hypophthalmichthys nobilis,GCF_019924925.1,gene,lbr,lbr,source:exact/synonym,NC_067239.1,23956434,21,15,9,chr19,NC_069728.1,-1.0,1471173,2497877,2291066,1026704,lbr,5.2315671400590404e-14,1.0,strong
W020,Hypophthalmichthys nobilis,GCF_019924925.1,gene,bmp8a,bmp8a,source:exact/synonym,NC_067238.1,25450193,21,20,20,chr23,NC_069732.1,0.9984962406015038,10055152,10929656,10232673,874504,bmp8a,2.155319867392645e-38,0.95,strong
W020,Hypophthalmichthys nobilis,GCF_019924925.1,gene,ptch1,ptch1,source:exact/synonym,NC_067227.1,19894042,21,15,11,chr8,NC_069717.1,-1.0,13632748,14000866,13815211,368118,ptch1,2.4980944751773786e-18,1.0,strong
W020,Hypophthalmichthys nobilis,GCF_019924925.1,gene,col9a1a,col9a1a,source:exact/synonym,NC_067230.1,12387410,21,17,12,chr11,NC_069720.1,-1.0,21381820,21622825,21418453,241005,,1.4631184298864478e-19,1.0,strong
W020,Hypophthalmichthys nobilis,GCF_019924925.1,gene,tgfbr2,tgfbr2a,source:duplicate-suffix,NC_067238.1,18443994,21,4,4,chr9,NC_069718.1,-0.7999999999999999,900080,1628171,1619773,728091,,2.9288851793850932e-08,0.75,moderate
W020,Hypophthalmichthys nobilis,GCF_019924925.1,gene,hecw2a,hecw2a,source:exact/synonym,NC_067228.1,12527379,21,16,16,chr5,NC_069714.1,0.3411764705882353,1620426,4213862,3402882,2593436,hecw2a,7.358840430354957e-31,0.875,strong
W020,Hypophthalmichthys nobilis,GCF_019924925.1,gene,zbtb42,zbtb42,source:exact/synonym,NC_067236.1,19552595,21,11,11,chr10,NC_069719.1,-1.0,20108026,20637332,20377830,529306,zbtb42,1.9205758018691918e-21,1.0,strong
W020,Hypophthalmichthys nobilis,GCF_019924925.1,gene,sema7a,sema7a,source:exact/synonym,NC_067243.1,18434549,21,17,16,chr9,NC_069718.1,-0.6470588235294118,16839075,18687676,16839075,1848601,sema7a,1.2355998859424853e-29,0.562,moderate
W021,Lates calcarifer,GCF_001640805.2,gene,gh1,gh1,source:exact/synonym,NW_026117230.1,50426,13,6,4,chr29,NC_069738.1,-0.1999999999999999,4648810,4925386,4925386,276576,gh1,4.3018710905875466e-07,0.75,moderate
W022,Oncorhynchus mykiss,GCF_013265735.2,gene,gnpat,gnpat,source:exact/synonym,NC_048572.1,21965897,21,11,8,chr30,NC_069739.1,-1.0,4087350,4574619,4481050,487269,gnpat,1.366631909552117e-13,1.0,strong
W022,Oncorhynchus mykiss,GCF_013265735.2,gene,bcmo1,bco1,alias(zebrafish):exact/synonym,NC_048570.1,66422310,21,9,9,chr11,NC_069720.1,-0.4166666666666666,3001113,4050256,4021960,1049143,bco1,1.1222258789759767e-17,0.667,moderate
W023,Oncorhynchus mykiss,GCF_013265735.2,gene,STAT5B,stat5,source:suffix-stripped,NC_048577.1,37344505,21,7,7,chr13,NC_069722.1,-0.6071428571428572,4193572,6871306,6046194,2677734,,6.557361194583971e-14,0.571,moderate
W023,Oncorhynchus mykiss,GCF_013265735.2,gene,STAT3,LOC110538194,catfish-bridge:RBH,NC_048576.1,70598567,21,9,9,chr13,NC_069722.1,-0.0666666666666666,4242612,6766808,6766808,2524196,stat3,1.1222258789759767e-17,0.778,strong
W023,Oncorhynchus mykiss,GCF_013265735.2,gene,CISH,cish,source:exact/synonym,NC_048571.1,43489196,21,8,4,chr2,NC_069711.1,1.0,14953745,15706486,15679331,752741,cish,1.965785262026166e-06,1.0,moderate
W024,Oreochromis niloticus,GCF_001858045.2,gene,FUT8,fut8b,source:duplicate-suffix,NC_031980.2,14481180,21,16,12,chr19,NC_069728.1,1.0,12970030,13738547,13438212,768517,,4.355874532182964e-20,1.0,strong
W024,Oreochromis niloticus,GCF_001858045.2,gene,SLC4A2,slc4a2b,source:duplicate-suffix,NC_031974.2,14672963,21,13,7,chr4,NC_069713.1,-0.7500000000000002,22819615,24719075,24535780,1899460,slc4a2a,1.0501723997700504e-10,0.714,strong
W024,Oreochromis niloticus,GCF_001858045.2,gene,ADAMTS9,adamts9,source:exact/synonym,NC_031970.2,29055959,21,14,13,chr20,NC_069729.1,-1.0,2887098,4010632,3809738,1123534,LOC113539463,4.545720361210099e-24,1.0,strong
W024,Oreochromis niloticus,GCF_001858045.2,gene,HEG1,heg1,source:exact/synonym,NC_031987.2,12576341,21,19,9,chr5,NC_069714.1,1.0,27789551,29248223,27456005,1458672,,9.209593346144497e-13,1.0,strong
W024,Oreochromis niloticus,GCF_001858045.2,gene,COL4A1,col4a1,source:exact/synonym,NC_031987.2,20220203,21,17,12,chr5,NC_069714.1,1.0,12447162,14608895,12930724,2161733,col4a1,1.4631184298864478e-19,1.0,strong
W024,Oreochromis niloticus,GCF_001858045.2,gene,GDF6,gdf6a,source:duplicate-suffix,NC_031976.2,14192070,21,15,13,chr1,NC_069710.1,0.5,2801278,3502783,2825976,701505,gdf6a,3.367878148003425e-23,0.538,moderate
W024,Oreochromis niloticus,GCF_001858045.2,gene,NUP107,nup107,source:exact/synonym,NC_031981.2,19610318,21,11,8,chr18,NC_069727.1,-0.7142857142857144,2269766,11506689,2269766,9236923,nup107,1.366631909552117e-13,0.625,moderate
W025,Oreochromis niloticus,GCF_001858045.2,gene,igf1rb,igf1rb,source:exact/synonym,NC_031965.2,33099313,21,17,8,chr11,NC_069720.1,1.0,7690867,8202341,7683297,511474,,1.8771492928204855e-11,1.0,strong
W025,Oreochromis niloticus,GCF_001858045.2,gene,rora,roraa,source:duplicate-suffix,NC_031972.2,52487796,21,17,17,chr9,NC_069718.1,1.0,17145147,18022613,17519753,877466,roraa,9.626867011160682e-33,1.0,strong
W025,Oreochromis niloticus,GCF_001858045.2,gene,efna3,efna3a,source:duplicate-suffix,NC_031985.2,17285140,21,17,14,chr29,NC_069738.1,0.6,13867755,14348139,13867755,480384,efna3a,2.8181364189576148e-24,0.5,moderate
W025,Oreochromis niloticus,GCF_001858045.2,gene,aurk,aurka,source:duplicate-suffix,NC_031970.2,6633491,21,15,4,chr2,NC_069711.1,1.0,11569192,11790509,12251756,221317,,3.5619414326253494e-05,1.0,moderate
W025,Oreochromis niloticus,GCF_001858045.2,gene,MAPK,mapk1,source:duplicate-suffix,NC_031977.2,35146189,21,19,17,chr24,NC_069733.1,-0.9460784313725492,8721425,19995014,15125090,11273589,mapk1,1.6057680058046377e-30,0.882,moderate
W026,Oreochromis niloticus,GCF_001858045.2,gene,ghrh,ghrh,source:exact/synonym,NC_031970.2,33695619,21,18,10,chr20,NC_069729.1,1.0,18307773,18532263,18406772,224490,ghrh,5.8379542401483415e-15,1.0,strong
W026,Oreochromis niloticus,GCF_001858045.2,gene,eif4e3,LOC100689919,catfish-bridge:RBH,NC_031970.2,32354169,21,15,14,chr2,NC_069711.1,-1.0,7076975,8262182,7917898,1185207,,6.371095831407633e-26,1.0,strong
W026,Oreochromis niloticus,GCF_001858045.2,gene,ntrk3a,ntrk3a,source:exact/synonym,NC_031972.2,40082224,21,12,5,chr9,NC_069718.1,-1.0,18336003,18675752,19062058,339749,,2.81067780988277e-07,1.0,moderate
W028,Hypophthalmichthys nobilis,GCF_019924925.1,gene,fndc5b,fndc5b,source:exact/synonym,NC_067238.1,22345352,21,20,19,chr29,NC_069738.1,1.0,7133752,8249561,7723719,1115809,fndc5b,3.254130273935032e-35,1.0,strong
W030,Leiocassis longirostris,GCF_022655615.1,gene,ky,ky,source:exact/synonym,NC_062521.1,12170100,21,21,21,chr3,NC_069712.1,-1.0,19705336,20513932,20139004,808596,ky,2.819598811289979e-40,1.0,strong
W030,Leiocassis longirostris,GCF_022655615.1,gene,matn1,matn1,source:exact/synonym,NC_062541.1,11827314,21,21,21,chr23,NC_069732.1,1.0,12696994,13003468,12828415,306474,matn1,2.819598811289979e-40,1.0,strong
W030,Leiocassis longirostris,GCF_022655615.1,gene,sdc3,sdc3,source:exact/synonym,NC_062541.1,11795217,21,21,21,chr23,NC_069732.1,1.0,12647269,12920801,12794878,273532,sdc3,2.819598811289979e-40,1.0,strong
W030,Leiocassis longirostris,GCF_022655615.1,gene,kif3a,kif3a,source:exact/synonym,NC_062527.1,16528255,21,21,21,chr9,NC_069718.1,-1.0,9265565,10151761,9716042,886196,kif3a,2.819598811289979e-40,1.0,strong
W030,Leiocassis longirostris,GCF_022655615.1,gene,rerg,rerg,source:exact/synonym,NC_062536.1,6011838,21,17,16,chr18,NC_069727.1,0.9411764705882352,9646224,10249554,9944350,603330,rerg,1.2355998859424853e-29,0.75,strong
W030,Leiocassis longirostris,GCF_022655615.1,gene,enox2,enox2,source:exact/synonym,NC_062527.1,16094387,21,21,21,chr9,NC_069718.1,-1.0,9716042,10736562,10151761,1020520,enox2,2.819598811289979e-40,1.0,strong
W032,Paralichthys olivaceus,GCF_024713975.1,gene,AXDND1,axdnd1,source:exact/synonym,NC_091095.1,7539060,21,16,15,chr11,NC_069720.1,-0.3749999999999999,12418197,23926150,15170209,11507953,axdnd1,8.889850996713183e-28,0.4,weak
W033,Siniperca chuatsi,GCF_020085105.1,gene,asns,asns,source:exact/synonym,NC_058058.1,25359985,21,17,14,chr29,NC_069738.1,-0.2967032967032967,5358761,10325361,5997540,4966600,asns,2.8181364189576148e-24,0.714,strong
W033,Siniperca chuatsi,GCF_020085105.1,gene,tg,tg,source:exact/synonym,NC_058050.1,903575,21,11,6,chr1,NC_069710.1,0.1428571428571428,20371730,20808875,20371730,437145,tg,2.1888726738508796e-09,0.833,strong
W033,Siniperca chuatsi,GCF_020085105.1,gene,htra1,htra1b,source:duplicate-suffix,NC_058061.1,2703218,21,13,7,chr12,NC_069721.1,0.25,16618661,18334929,16987197,1716268,,1.0501723997700504e-10,0.714,strong
W033,Siniperca chuatsi,GCF_020085105.1,gene,rnf213,rnf213a,source:duplicate-suffix,NC_058062.1,11775310,21,12,11,chr13,NC_069722.1,0.1,15586788,17921454,15669976,2334666,rnf213a,2.277053400585219e-20,0.818,strong
W033,Siniperca chuatsi,GCF_020085105.1,gene,ttn,ttn.2,source:duplicate-suffix,NC_058053.1,28733858,21,14,6,chr5,NC_069714.1,-0.1428571428571428,26927392,32546245,27043979,5618853,ttn.2,1.3755073624700028e-08,0.667,moderate
W033,Siniperca chuatsi,GCF_020085105.1,gene,tgfbr2,tgfbr2b,source:duplicate-suffix,NC_058050.1,26749477,21,18,8,chr1,NC_069710.1,-1.0,18098577,19946552,18611152,1847975,,3.3396300054674085e-11,1.0,strong
W033,Siniperca chuatsi,GCF_020085105.1,gene,nck2,LOC122885121,catfish-bridge:RBH,NC_058053.1,18588294,21,19,18,chr5,NC_069714.1,-1.0,12058163,14634193,12301311,2576030,nck2a,2.3631870223797266e-33,1.0,strong
W034,Tachysurus fulvidraco,GCF_022655615.1,gene,stat5b,stat5b,source:exact/synonym,NC_062525.1,20306777,21,16,16,chr12,NC_069721.1,1.0,1464665,1811076,1588169,346411,stat5b,7.358840430354957e-31,1.0,strong
W034,Tachysurus fulvidraco,GCF_022655615.1,gene,kcnh4,kcnh4a,source:duplicate-suffix,NC_062532.1,17879534,21,20,20,chr13,NC_069722.1,-1.0,6290424,6913587,6544187,623163,kcnh4a,2.155319867392645e-38,1.0,strong
W034,Tachysurus fulvidraco,GCF_022655615.1,gene,ptrf,cavin1b,alias(zebrafish):exact/synonym,NC_062542.1,8013815,21,21,21,chr22,NC_069731.1,1.0,8486296,9558580,8880451,1072284,cavin1b,2.819598811289979e-40,1.0,strong
W034,Tachysurus fulvidraco,GCF_022655615.1,gene,rab5c,rab5c,source:exact/synonym,NC_062532.1,17920201,21,20,20,chr13,NC_069722.1,-1.0,6282463,6907301,6509467,624838,rab5c,2.155319867392645e-38,1.0,strong
W034,Tachysurus fulvidraco,GCF_022655615.1,gene,stat3,stat3,source:exact/synonym,NC_062532.1,17624135,21,19,19,chr13,NC_069722.1,-1.0,6361382,7007542,6766808,646160,stat3,1.6475406757077463e-36,1.0,strong
W035,Clarias macrocephalus,GCF_024256425.1,gene,egln2,egln2,source:exact/synonym,NC_071110.1,12272762,21,20,20,chr14,NC_069723.1,-1.0,16094193,16560493,16377488,466300,egln2,2.155319867392645e-38,1.0,strong
W035,Clarias macrocephalus,GCF_024256425.1,gene,zfyve21,zfyve21,source:exact/synonym,NC_071107.1,32956181,21,17,17,chr3,NC_069712.1,0.9950980392156864,28906325,30496487,30070770,1590162,zfyve21,9.626867011160682e-33,0.882,strong
W035,Clarias macrocephalus,GCF_024256425.1,gene,jph3a,jph3a,source:exact/synonym,NC_071114.1,26631067,21,20,19,chr11,NC_069720.1,0.9982456140350876,5082873,5520616,5407086,437743,jph3a,3.254130273935032e-35,0.947,strong
W037,Epinephelus coioides,GCA_051314025.1,gene,bmp7,ABVT39_013450,catfish-bridge:RBH,CM120184.1,31746140,21,12,9,chr16,NC_069725.1,0.5,542677,3506618,2262383,2963941,,2.382724713378349e-15,0.556,moderate
W037,Epinephelus coioides,GCA_051314025.1,gene,sema3a,ABVT39_013864,catfish-bridge:RBH,CM120201.1,14132955,21,7,4,chr18,NC_069727.1,1.0,7655358,7886860,7717272,231502,sema3aa,9.93274100991194e-07,1.0,moderate
W037,Epinephelus coioides,GCA_051314025.1,gene,capzb,ABVT39_027618,catfish-bridge:RBH,CM120179.1,25155734,21,17,16,chr20,NC_069729.1,1.0,451869,720867,605571,268998,capzb,1.2355998859424853e-29,1.0,strong
W037,Epinephelus coioides,GCA_051314025.1,gene,eps8l2,ABVT39_003391,catfish-bridge:RBH,CM120182.1,29547940,21,18,14,chr9,NC_069718.1,-0.3626373626373627,20046602,24151263,23370301,4104661,eps8l2,1.2526798224688829e-23,0.786,strong
W040,Channa maculata,GCF_033026475.1,gene,HS6ST1,hs6st1a,source:duplicate-suffix,NC_090212.1,14864217,21,14,8,chr4,NC_069713.1,-1.0,31095420,31514170,31378873,418750,,2.4015556399957098e-12,1.0,strong
W041,Ctenopharyngodon idella,GCF_019924925.1,gene,cers5,cers5,source:exact/synonym,NC_067229.1,3365691,21,10,10,chr20,NC_069729.1,-1.0,14534988,14628633,14534988,93645,cers5,1.4681007688141322e-19,1.0,strong
W041,Ctenopharyngodon idella,GCF_019924925.1,gene,ctnnbip1,ctnnbip1,source:exact/synonym,NC_067241.1,20011856,21,21,21,chr16,NC_069725.1,1.0,7319023,7748621,7557772,429598,ctnnbip1,2.819598811289979e-40,1.0,strong
W041,Ctenopharyngodon idella,GCF_019924925.1,gene,smoc2,smoc2,source:exact/synonym,NC_067232.1,4407037,21,15,12,chr3,NC_069712.1,-0.9930069930069932,29481047,30375190,30192593,894143,smoc2,1.10227651958724e-20,0.917,strong
W041,Ctenopharyngodon idella,GCF_019924925.1,gene,ano6,ano6,source:exact/synonym,NC_067223.1,16238512,21,15,7,chr9,NC_069718.1,-1.0,26126940,26205245,26254574,78305,,3.8486113193518545e-10,1.0,strong
W041,Ctenopharyngodon idella,GCF_019924925.1,gene,pwp1,pwp1,source:exact/synonym,NC_067223.1,16248326,21,15,8,chr9,NC_069718.1,-1.0,26092880,26205245,26252515,112365,,5.086401318390132e-12,1.0,strong
W041,Ctenopharyngodon idella,GCF_019924925.1,gene,chrebp,mlxip,alias(zebrafish):exact/synonym,NC_067224.1,4445269,21,20,13,chr27,NC_069736.1,0.8846153846153846,1283650,6271722,3890717,4988072,,2.339094986407962e-20,0.923,strong
W041,Ctenopharyngodon idella,GCF_019924925.1,gene,lsr,lsr,source:exact/synonym,NC_067234.1,14515104,21,15,15,chr14,NC_069723.1,0.9285714285714284,17021389,21463770,17248459,4442381,lsr,5.625146001980318e-29,0.733,strong
W042,Lateolabrax maculatus,GCA_031216445.1,gene,SORCS2,sorcs2,source:exact/synonym,CM062207.1,16154846,21,17,6,chr4,NC_069713.1,0.1428571428571428,19628254,21722389,23182015,2094135,,5.480593325655092e-08,0.833,strong
W042,Lateolabrax maculatus,GCA_031216445.1,gene,SLC7A8,slc7a8a,source:duplicate-suffix,CM062207.1,6690081,21,14,14,chr4,NC_069713.1,0.912087912087912,11367649,11979473,11575940,611824,slc7a8a,4.299898583623572e-27,0.714,strong
W043,Lateolabrax maculatus,GCA_031216445.1,gene,c4b,c4b,source:exact/synonym,CM062199.1,13296308,21,11,10,chr1,NC_069710.1,-1.0,21771409,22207727,22171580,436318,c4b,1.595705087676853e-18,1.0,strong
W043,Lateolabrax maculatus,GCA_031216445.1,gene,fgf4,fgf4,source:exact/synonym,CM062198.1,3799104,21,17,12,chr11,NC_069720.1,-0.6363636363636365,4510293,8573760,4547848,4063467,fgf4,1.4631184298864478e-19,0.667,moderate
W043,Lateolabrax maculatus,GCA_031216445.1,gene,dnajb9,dnajb9a,source:duplicate-suffix,CM062214.1,20557250,21,16,8,chr9,NC_069718.1,-1.0,20542875,21054428,21067418,511553,,1.0054630838310446e-11,1.0,strong
W044,Micropterus salmoides,GCF_014851395.1,gene,igf1,igf1,source:exact/synonym,NW_024041484.1,20523910,21,19,9,chr18,NC_069727.1,0.9833333333333332,1244173,3569837,3412760,2325664,igf1,9.209593346144497e-13,0.889,strong
W044,Micropterus salmoides,GCF_014851395.1,gene,myf5,myf5,source:exact/synonym,NW_024041484.1,19751846,21,17,8,chr18,NC_069727.1,-1.0,1244173,1617224,1462791,373051,myf5,1.8771492928204855e-11,1.0,strong
W044,Micropterus salmoides,GCF_014851395.1,gene,myf6,myf6,source:exact/synonym,NW_024041484.1,19757545,21,18,8,chr18,NC_069727.1,-1.0,1244173,1617224,1444948,373051,myf6,3.3396300054674085e-11,1.0,strong
W044,Micropterus salmoides,GCF_014851395.1,gene,igf2r,igf2r,source:exact/synonym,NW_024040928.1,24658924,21,13,9,chr19,NC_069728.1,-0.1833333333333333,16857840,17178111,16966131,320271,igf2r,7.652713387304902e-15,0.444,weak
W044,Micropterus salmoides,GCF_014851395.1,gene,cavin4b,cavin4b,source:exact/synonym,NW_024040040.1,54017149,21,1,1,chr1,NC_069710.1,,9521722,9521722,9521722,0,cavin4b,0.013082043430987,,unsupported
W045,Siniperca chuatsi,GCF_020085105.1,gene,AKT2,akt2,source:exact/synonym,NC_058048.1,9298151,21,13,5,chr14,NC_069723.1,1.0,21837748,21939055,21665567,101307,,4.517670018495446e-07,1.0,moderate
W045,Siniperca chuatsi,GCF_020085105.1,gene,CCNT2,ccnt2a,source:duplicate-suffix,NC_058053.1,7126113,21,17,10,chr5,NC_069714.1,-0.0303030303030303,5001948,7566054,5022128,2564106,ccnt2a,2.625852950332614e-15,0.6,moderate
W045,Siniperca chuatsi,GCF_020085105.1,gene,EPB41L2,epb41l2,source:exact/synonym,NC_058057.1,12015194,21,16,6,chr30,NC_069739.1,0.4285714285714286,1346306,4985374,2097260,3639068,epb41l2,3.586385141212955e-08,0.833,strong
W045,Siniperca chuatsi,GCF_020085105.1,gene,CAMKMT,camkmt,source:exact/synonym,NC_058052.1,21230025,21,19,11,chr3,NC_069712.1,1.0,21218534,21666620,21433529,448086,camkmt,1.3180944592060843e-16,1.0,strong
W046,Sparus aurata,GCF_900880675.2,gene,ncan,ncanb,source:duplicate-suffix,NC_044197.1,10304114,21,17,15,chr11,NC_069720.1,1.0,15365325,15871208,15639048,505883,ncanb,7.463703355760517e-27,1.0,strong
W046,Sparus aurata,GCF_900880675.2,gene,znf292,znf292a,source:duplicate-suffix,NC_044202.1,12843641,21,19,16,chr10,NC_069719.1,-0.6147058823529412,10039508,14003722,11533998,3964214,znf292a,6.8705661178028585e-28,0.562,moderate
W046,Sparus aurata,GCF_900880675.2,gene,traf2a,traf2a,source:exact/synonym,NC_044191.1,2258960,21,18,15,chr24,NC_069733.1,-0.6,13055904,16528976,14148458,3473072,traf2a,4.4233045891554237e-26,0.6,moderate
W046,Sparus aurata,GCF_900880675.2,gene,tnc,tncb,source:duplicate-suffix,NC_044191.1,2383108,21,18,15,chr24,NC_069733.1,-0.6,13055904,16528976,14045728,3473072,tncb,4.4233045891554237e-26,0.6,moderate
W046,Sparus aurata,GCF_900880675.2,gene,zfr,zfr,source:exact/synonym,NC_044191.1,5684314,21,9,4,chr24,NC_069733.1,-0.1999999999999999,13247518,15020227,13247518,1772709,zfr,3.5014472264888736e-06,0.75,moderate
W046,Sparus aurata,GCF_900880675.2,gene,uqcc1,uqcc1,source:exact/synonym,NC_044192.1,1885075,21,7,5,chr2,NC_069711.1,0.0,6366291,6504646,6405500,138355,LOC113532448,7.871865109424955e-09,0.8,moderate
W046,Sparus aurata,GCF_900880675.2,gene,gdf5,gdf5,source:exact/synonym,NC_044192.1,1978919,21,7,6,chr2,NC_069711.1,-0.4285714285714286,6295112,6504646,6461396,209534,gdf5,3.4693988364952326e-11,0.667,moderate
W046,Sparus aurata,GCF_900880675.2,gene,hmgcra,hmgcra,source:exact/synonym,NC_044191.1,4203103,21,16,6,chr24,NC_069733.1,-0.3714285714285715,7576401,8484031,7576401,907630,hmgcra,3.586385141212955e-08,0.667,moderate
W046,Sparus aurata,GCF_900880675.2,gene,gnai2b,LOC115583474,catfish-bridge:RBH,NC_044192.1,18155410,21,14,10,chr2,NC_069711.1,0.9515151515151514,8505682,8923878,8833663,418196,gnai2b,1.400907326632718e-16,0.8,strong
W049,Epinephelus tukula,GCF_041903045.1,gene,CCDC102A,ccdc102a,source:exact/synonym,NC_135735.1,5338707,21,20,8,chr11,NC_069720.1,-0.4285714285714286,807434,10535948,807434,9728514,ccdc102a,9.392136246587803e-11,0.625,moderate
W049,Epinephelus tukula,GCF_041903045.1,gene,NTRK2,ntrk2a,source:duplicate-suffix,NC_135742.1,21942948,21,11,8,chr8,NC_069717.1,1.0,23993298,24157376,24073839,164078,ntrk2a,1.366631909552117e-13,1.0,strong
W049,Epinephelus tukula,GCF_041903045.1,gene,CTSL,ctsla,source:duplicate-suffix,NC_135742.1,8496724,21,15,15,chr24,NC_069733.1,0.2142857142857142,8721425,14939822,11271231,6218397,ctsla,5.625146001980318e-29,0.667,moderate
W049,Epinephelus tukula,GCF_041903045.1,gene,OTOF,otofa,source:duplicate-suffix,NC_135746.1,19759480,21,17,10,chr30,NC_069739.1,-0.9878787878787878,10436877,11328269,10925269,891392,,2.625852950332614e-15,0.9,strong
W049,Epinephelus tukula,GCF_041903045.1,gene,nes,nes,source:exact/synonym,NC_135743.1,5118368,21,10,7,chr1,NC_069710.1,1.0,19631510,19790995,19790995,159485,nes,7.601744729503754e-12,1.0,strong
W051,Mastacembelus armatus,GCF_900324485.3,gene,ppt1,ppt1,source:exact/synonym,NC_046643.1,17002443,21,18,10,chr23,NC_069732.1,-0.9515151515151514,13029156,14883609,13054116,1854453,ppt1,5.8379542401483415e-15,0.8,strong
W051,Mastacembelus armatus,GCF_900324485.3,gene,cap1,cap1,source:exact/synonym,NC_046643.1,16993868,21,19,11,chr23,NC_069732.1,-0.9636363636363636,13029156,14887254,13046102,1858098,cap1,1.3180944592060843e-16,0.818,strong
W051,Mastacembelus armatus,GCF_900324485.3,gene,fgfr2,fgfr2,source:exact/synonym,NC_046647.1,8043153,21,19,13,chr3,NC_069712.1,0.2087912087912088,24302486,31133723,26661917,6831237,fgfr2,8.287467159120525e-21,0.462,weak
W052,Micropterus salmoides,GCF_014851395.1,gene,llgl2,llgl2,source:exact/synonym,NW_024041262.1,2971344,21,17,16,chr12,NC_069721.1,0.6,7763270,22747032,13683873,14983762,llgl2,1.2355998859424853e-29,0.5,moderate
W052,Micropterus salmoides,GCF_014851395.1,gene,myo15b,myo15b,source:exact/synonym,NW_024041262.1,3027444,21,16,12,chr12,NC_069721.1,0.7412587412587414,7763270,16906891,16906891,9143621,myo15b,4.355874532182964e-20,0.417,weak
W052,Micropterus salmoides,GCF_014851395.1,gene,plcd3a,plcd3a,source:exact/synonym,NW_024040041.1,26140656,21,19,16,chr13,NC_069722.1,-0.9705882352941176,5386201,7277648,6022088,1891447,plcd3a,6.8705661178028585e-28,0.812,strong
W052,Micropterus salmoides,GCF_014851395.1,gene,galk1,galk1,source:exact/synonym,NW_024041262.1,2947953,21,17,16,chr12,NC_069721.1,0.5,7763270,22747032,13699694,14983762,galk1,1.2355998859424853e-29,0.5,moderate
W052,Micropterus salmoides,GCF_014851395.1,gene,acbd4,acbd4,source:exact/synonym,NW_024041262.1,2898524,21,17,16,chr12,NC_069721.1,0.1529411764705882,7763270,22551635,9629268,14788365,acbd4,1.2355998859424853e-29,0.375,weak
W052,Micropterus salmoides,GCF_014851395.1,gene,pard3,pard3ab,alias(zebrafish):exact/synonym,NW_024040485.1,5436120,21,6,2,chr21,NC_069730.1,,8646342,9145657,10310725,499315,,0.0024788523691293,1.0,weak
W053,Oncorhynchus mykiss,GCF_013265735.2,gene,sema6ba,sema6bb,catfish-bridge:RBH,NC_048569.1,65257430,21,10,8,chr8,NC_069717.1,0.9761904761904764,2130048,2632582,2322473,502534,,3.7710162232684357e-14,0.875,strong
W054,Oreochromis niloticus,GCF_001858045.2,gene,galnt9,galnt9,source:exact/synonym,NC_031977.2,8960129,21,19,10,chr24,NC_069733.1,0.3939393939393939,16680696,19927353,19362993,3246657,galnt9,1.2178115122623603e-14,0.7,strong
W054,Oreochromis niloticus,GCF_001858045.2,gene,esrrg,esrrga,source:duplicate-suffix,NC_031965.2,26557852,21,14,5,chr10,NC_069719.1,-1.0,23475753,24040643,23773737,564890,esrrga,6.951069619744581e-07,1.0,moderate
W054,Oreochromis niloticus,GCF_001858045.2,gene,map7,map7a,source:duplicate-suffix,NC_031983.2,20277987,21,14,8,chr10,NC_069719.1,-0.3333333333333334,11484773,12933165,12240691,1448392,,2.4015556399957098e-12,0.875,strong
W054,Oreochromis niloticus,GCF_001858045.2,gene,mtfr2,mtfr2,source:exact/synonym,NC_031980.2,7914485,21,17,10,chr16,NC_069725.1,1.0,4808118,5147622,4815314,339504,mtfr2,2.625852950332614e-15,1.0,strong
W054,Oreochromis niloticus,GCF_001858045.2,gene,kcnj8,kcnj8,source:exact/synonym,NC_031981.2,19384239,21,14,12,chr18,NC_069727.1,-0.7762237762237763,6063856,12705812,10581395,6641956,kcnj8,2.2314960643585074e-21,0.417,weak
W054,Oreochromis niloticus,GCF_001858045.2,gene,fhit,fhit,source:exact/synonym,NC_031970.2,35853340,21,9,3,chr20,NC_069729.1,1.0,20639660,20666538,20556531,26878,,0.0001772784694413,1.0,weak
W054,Oreochromis niloticus,GCF_001858045.2,gene,dnm1,dnm1a,source:duplicate-suffix,NC_031972.2,20436629,21,20,19,chr27,NC_069736.1,0.8526315789473684,2243675,5113786,3372282,2870111,dnm1a,3.254130273935032e-35,0.632,moderate
W054,Oreochromis niloticus,GCF_001858045.2,gene,cald1,cald1a,source:duplicate-suffix,NC_031981.2,6845078,21,20,17,chr18,NC_069727.1,0.9754901960784316,15349822,17043008,16111117,1693186,cald1a,1.0572865713869105e-29,0.824,strong
W054,Oreochromis niloticus,GCF_001858045.2,gene,plxnb2,plxnb2a.1,alias(zebrafish):exact/synonym,NC_031981.2,19143373,21,13,12,chr18,NC_069727.1,-0.3916083916083916,6063856,12705812,10929773,6641956,,3.2268148378939545e-22,0.667,moderate
W054,Oreochromis niloticus,GCF_001858045.2,gene,nuak1,nuak1b,source:duplicate-suffix,NC_031972.2,47319970,21,19,17,chr9,NC_069718.1,-0.5000000000000001,20275620,24045553,24045553,3769933,nuak1b,1.6057680058046377e-30,0.529,moderate
W054,Oreochromis niloticus,GCF_001858045.2,gene,bpgm,bpgm,source:exact/synonym,NC_031972.2,48121690,21,15,9,chr7,NC_069716.1,1.0,23486627,23634615,23557027,147988,bpgm,5.2315671400590404e-14,1.0,strong
W056,Ctenopharyngodon idella,GCF_019924925.1,gene,UBL5,LOC127518363,catfish-bridge:RBH,NC_067220.1,3580462,21,7,7,chr26,NC_069735.1,0.9642857142857144,18403555,18572244,18503631,168689,ubl5,6.557361194583971e-14,0.857,strong
W056,Ctenopharyngodon idella,GCF_019924925.1,gene,GNG7,gng7,source:exact/synonym,NC_067221.1,6423207,21,11,11,chr4,NC_069713.1,-0.4090909090909091,27445422,27628395,27628395,182973,gng7,1.9205758018691918e-21,0.545,moderate
W056,Ctenopharyngodon idella,GCF_019924925.1,gene,SLC16A2,slc16a2,source:exact/synonym,NC_067233.1,22937983,21,16,9,chr9,NC_069718.1,0.5,9208972,12430068,11118838,3221096,,1.18171798469816e-13,0.556,moderate
W057,Culter alburnus,GCA_040182925.1,gene,aig1,ABG768_014434,catfish-bridge:RBH,CM079601.1,29640876,21,15,15,chr30,NC_069739.1,-0.4107142857142856,12029294,12380046,12099479,350752,aig1,5.625146001980318e-29,0.667,moderate
W057,Culter alburnus,GCA_040182925.1,gene,cacna1b,ABG768_023021,catfish-bridge:RBH,CM079586.1,36092723,21,19,19,chr24,NC_069733.1,1.0,14174388,14758553,14533559,584165,cacna1ba,1.6475406757077463e-36,1.0,strong
W057,Culter alburnus,GCA_040182925.1,gene,pgm5,ABG768_026559,catfish-bridge:RBH,CM079589.1,22649574,21,14,10,chr8,NC_069717.1,-0.0303030303030303,13632748,16623069,15150717,2990321,,1.400907326632718e-16,0.8,strong
W057,Culter alburnus,GCA_040182925.1,gene,bcr,ABG768_015116,catfish-bridge:RBH,CM079602.1,13074254,21,17,17,chr15,NC_069724.1,-0.1151960784313725,18480375,22254333,22151890,3773958,bcr,9.626867011160682e-33,0.824,strong
W059,Lateolabrax maculatus,GCA_031216445.1,gene,cdk5,cdk5,source:exact/synonym,CM062203.1,10634122,21,19,14,chr1,NC_069710.1,0.3626373626373627,13047709,13909802,13909802,862093,cdk5,4.702074783788356e-23,0.714,strong
W060,Paralichthys olivaceus,GCF_024713975.1,gene,fras1,fras1,source:exact/synonym,NC_091096.1,2549954,21,14,12,chr24,NC_069733.1,-1.0,11911720,12455799,12034600,544079,fras1,2.2314960643585074e-21,1.0,strong
W060,Paralichthys olivaceus,GCF_024713975.1,gene,nkd1,nkd1,source:exact/synonym,NC_091093.1,8868854,21,19,14,chr25,NC_069734.1,1.0,3288521,4873525,3766091,1585004,nkd1,4.702074783788356e-23,1.0,strong
W060,Paralichthys olivaceus,GCF_024713975.1,gene,lamb4,lamb4,source:exact/synonym,NC_091099.1,28466,11,8,4,chr7,NC_069716.1,0.6000000000000001,29612511,30337729,29200145,725218,,1.965785262026166e-06,0.5,moderate
W061,Plecoglossus altivelis,GCF_021917145.1,gene,abat,abat,source:exact/synonym,NW_025813701.1,244341,7,3,2,chr13,NC_069722.1,,23582317,24079708,24079708,497391,abat,0.0005089418628194,1.0,weak
W061,Plecoglossus altivelis,GCF_021917145.1,gene,maml3,maml3,source:exact/synonym,NC_061081.1,73848,18,10,5,chr3,NC_069712.1,0.3999999999999999,7816096,9105079,7816096,1288983,maml3,9.140939860521625e-08,0.8,moderate
W061,Plecoglossus altivelis,GCF_021917145.1,gene,slc25a12,slc25a12,source:exact/synonym,NC_061069.1,7994556,21,15,5,chr26,NC_069735.1,1.0,7244283,12212540,11481223,4968257,,1.031326168651749e-06,1.0,moderate
W061,Plecoglossus altivelis,GCF_021917145.1,gene,dnah10,dnah10,source:exact/synonym,NW_025813938.1,1764499,21,18,12,chr24,NC_069733.1,0.5244755244755246,13657575,19236525,18805194,5578950,dnah10,4.336369949999748e-19,0.583,moderate
L001,Scophthalmus maximus,GCF_022379125.1,gene,fam81b,fam81b,source:exact/synonym,NC_061533.1,16015972,21,17,16,chr24,NC_069733.1,0.7323529411764707,6975266,10773420,7481681,3798154,fam81b,1.2355998859424853e-29,0.938,strong
L001,Scophthalmus maximus,GCF_022379125.1,gene,atrn,atrn,source:exact/synonym,NC_061529.1,2922100,21,17,16,chr3,NC_069712.1,-1.0,19640469,20201040,19998840,560571,atrn,1.2355998859424853e-29,1.0,strong
L001,Scophthalmus maximus,GCF_022379125.1,gene,iqgap1,iqgap1,source:exact/synonym,NC_061518.1,1504160,21,19,18,chr25,NC_069734.1,-0.4716202270381837,9539546,12870831,10471238,3331285,iqgap1,2.3631870223797266e-33,0.889,strong
L001,Scophthalmus maximus,GCF_022379125.1,gene,enah,enah,source:exact/synonym,NC_061532.1,3827632,21,17,8,chr19,NC_069728.1,1.0,1471173,2497877,2240513,1026704,enah,1.8771492928204855e-11,1.0,strong
L001,Scophthalmus maximus,GCF_022379125.1,gene,baz2a,baz2a,source:exact/synonym,NC_061517.1,2405989,21,13,7,chr16,NC_069725.1,-0.25,1145850,6801040,4319873,5655190,,1.0501723997700504e-10,0.714,strong
L001,Scophthalmus maximus,GCF_022379125.1,gene,amd1,amd1,source:exact/synonym,NC_061532.1,1501443,21,17,14,chr30,NC_069739.1,0.7978021978021977,228660,5845737,3894687,5617077,amd1,2.8181364189576148e-24,0.5,moderate
L002,Channa argus,GCF_033026475.1,gene,COL2A1,col2a1b,source:duplicate-suffix,NC_090201.1,18718410,21,14,8,chr20,NC_069729.1,0.9761904761904764,21404494,22036254,21942037,631760,,2.4015556399957098e-12,0.875,strong
L002,Channa argus,GCF_033026475.1,gene,PYGM,pygma,source:duplicate-suffix,NC_090220.1,862804,21,18,14,chr15,NC_069724.1,-0.2571428571428571,5616420,9089991,6044554,3473571,pygma,1.2526798224688829e-23,0.786,strong
L002,Channa argus,GCF_033026475.1,gene,DLAT,dlat,source:exact/synonym,NC_090220.1,1025699,21,19,12,chr15,NC_069724.1,-0.3076923076923077,5549622,9089991,9089991,3540369,dlat,1.162807614155725e-18,0.833,strong
L002,Channa argus,GCF_033026475.1,gene,MSX2,msx2b,source:duplicate-suffix,NC_090218.1,7742827,21,18,10,chr15,NC_069724.1,0.5757575757575757,41910,805859,41910,763949,msx2b,5.8379542401483415e-15,0.6,moderate
L002,Channa argus,GCF_033026475.1,gene,ZNRF3,znrf3,source:exact/synonym,NC_090207.1,5121564,21,15,14,chr24,NC_069733.1,0.4725274725274725,13568891,17341270,16969679,3772379,znrf3,6.371095831407633e-26,0.857,strong
L003,Larimichthys crocea,GCF_000972845.2,gene,Unc5d,unc5db,source:duplicate-suffix,NC_040013.1,49530013,21,12,7,chr24,NC_069733.1,-0.7500000000000002,13157625,17945094,15116850,4787469,,4.9030216039898455e-11,0.571,moderate
L003,Larimichthys crocea,GCF_000972845.2,gene,HUS1,hus1,source:exact/synonym,NC_040033.1,18991961,21,13,7,chr12,NC_069721.1,1.0,15364374,15697796,15864994,333422,,1.0501723997700504e-10,1.0,strong
L004,Micropterus salmoides,GCF_014851395.1,gene,Mapkap1,mapkap1,source:exact/synonym,NW_024041151.1,31113918,21,15,8,chr17,NC_069726.1,0.9285714285714288,15103129,17240779,14189849,2137650,,5.086401318390132e-12,0.625,moderate
L004,Micropterus salmoides,GCF_014851395.1,gene,Hmgcs1,hmgcs1,source:exact/synonym,NW_024041151.1,28807178,21,20,9,chr17,NC_069726.1,-0.2833333333333333,16133731,16988024,16610326,854293,hmgcs1,1.6547804743401314e-12,0.556,moderate
L004,Micropterus salmoides,GCF_014851395.1,gene,Slc27a6,slc27a6,source:exact/synonym,NW_024041151.1,31361225,21,17,12,chr17,NC_069726.1,0.8391608391608393,15103129,17240779,15131406,2137650,slc27a6,1.4631184298864478e-19,0.417,weak
L004,Micropterus salmoides,GCF_014851395.1,gene,Shroom3,shroom3,source:exact/synonym,NW_024041151.1,28569699,21,20,11,chr15,NC_069724.1,-0.6000000000000001,16850744,23467487,16933701,6616743,shroom3,2.8939973996618245e-16,0.455,weak
L005,Clarias fuscus,GCF_024256425.1,gene,mstnb,mstnb,source:exact/synonym,NC_071104.1,36327844,21,20,20,chr5,NC_069714.1,-1.0,27948917,29556481,29400907,1607564,mstnb,2.155319867392645e-38,1.0,strong
L005,Clarias fuscus,GCF_024256425.1,gene,egfr,egfra,source:duplicate-suffix,NC_071124.1,22031024,21,19,19,chr21,NC_069730.1,1.0,17554108,18113269,17744175,559161,egfra,1.6475406757077463e-36,1.0,strong
L005,Clarias fuscus,GCF_024256425.1,gene,serca1,atp2a1,alias(zebrafish):exact/synonym,NC_071115.1,8481165,21,14,14,chr13,NC_069722.1,1.0,6155128,6326722,6254696,171594,atp2a1,4.299898583623572e-27,1.0,strong
L006,Cynoglossus semilaevis,GCF_000523025.1,gene,grid1,grid1a,source:duplicate-suffix,NC_024318.1,4568086,21,18,5,chr10,NC_069719.1,0.8999999999999998,2074781,4995105,2238822,2920324,,2.8476645027529103e-06,0.8,moderate
L006,Cynoglossus semilaevis,GCF_000523025.1,gene,grid2,grid2,source:exact/synonym,NC_024328.1,20919359,21,15,7,chr8,NC_069717.1,-0.25,29678720,29896840,29868051,218120,,3.8486113193518545e-10,0.857,strong
L006,Cynoglossus semilaevis,GCF_000523025.1,gene,shcbp1,shcbp1,source:exact/synonym,NC_024311.1,14469501,21,21,11,chr11,NC_069720.1,-0.4000000000000001,807434,10535948,7078933,9728514,,6.004571219153183e-16,0.636,moderate
L006,Cynoglossus semilaevis,GCF_000523025.1,gene,sass6,sass6,source:exact/synonym,NC_024308.1,8208229,21,16,10,chr11,NC_069720.1,0.0787878787878787,11995108,20179665,12389291,8184557,sass6,1.094239235637129e-15,0.6,moderate
L006,Cynoglossus semilaevis,GCF_000523025.1,gene,cdca7,cdca7a,source:duplicate-suffix,NC_024322.1,6187932,21,18,13,chr5,NC_069714.1,1.0,17429677,17926053,17704146,496376,cdca7a,2.6492669829797704e-21,1.0,strong
L006,Cynoglossus semilaevis,GCF_000523025.1,gene,gh,gh1,source:exact/synonym,NC_024318.1,16481088,21,17,10,chr3,NC_069712.1,-0.5151515151515151,13670152,17871452,15402055,4201300,,2.625852950332614e-15,0.7,strong
L006,Cynoglossus semilaevis,GCF_000523025.1,gene,igf1,igf1,source:exact/synonym,NC_024314.1,18103056,21,18,8,chr18,NC_069727.1,-0.9761904761904764,3412760,3569837,3412760,157077,igf1,3.3396300054674085e-11,0.875,strong
L007,Epinephelus lanceolatus,GCF_041903045.1,gene,iqgap1,iqgap1,source:exact/synonym,NC_135735.1,51316707,21,13,9,chr25,NC_069734.1,1.0,10334928,10496773,10471238,161845,iqgap1,7.652713387304902e-15,1.0,strong
L007,Epinephelus lanceolatus,GCF_041903045.1,gene,mex3b,mex3b,source:exact/synonym,NC_135735.1,49832067,21,18,10,chr25,NC_069734.1,-0.3212121212121211,10325127,12549514,12521565,2224387,,5.8379542401483415e-15,0.7,strong
L007,Epinephelus lanceolatus,GCF_041903045.1,gene,ndufs3,ndufs3,source:exact/synonym,NC_135735.1,50257406,21,16,10,chr25,NC_069734.1,-0.3212121212121211,10325127,12549514,12532901,2224387,ndufs3,1.094239235637129e-15,0.7,strong
L008,Takifugu fasciatus,GCA_059138665.1,gene,ADGRB,AC4PPQ_031298,catfish-bridge:RBH,CM181140.1,4593537,21,4,3,chr29,NC_069738.1,-1.0,8931112,9304836,9304836,373724,adgrb2,8.867569787070983e-06,1.0,weak
L011,Cyprinus carpio,GCF_018340385.1,gene,pld1,pld1b,source:duplicate-suffix,NC_056595.1,17954323,21,7,7,chr22,NC_069731.1,1.0,20524439,21036497,20751367,512058,,6.557361194583971e-14,1.0,strong
L012,Oreochromis niloticus,GCF_001858045.2,gene,hip1,hip1,source:exact/synonym,NC_031979.2,12197277,21,17,6,chr14,NC_069723.1,0.942857142857143,4805806,6492215,6492215,1686409,hip1,5.480593325655092e-08,0.833,strong
L012,Oreochromis niloticus,GCF_001858045.2,gene,hectd1,hectd1,source:exact/synonym,NC_031983.2,3661635,21,17,13,chr10,NC_069719.1,-0.9725274725274724,21509001,28531833,21893414,7022832,hectd1,7.449546273233226e-22,0.769,strong
L012,Oreochromis niloticus,GCF_001858045.2,gene,elna,elna,source:exact/synonym,NC_031979.2,19942757,21,18,7,chr14,NC_069723.1,-1.0,9670438,11452448,10771053,1782010,,1.8388045865494722e-09,1.0,strong
L012,Oreochromis niloticus,GCF_001858045.2,gene,smyd1b,smyd1b,source:exact/synonym,NC_031977.2,24063882,21,17,16,chr8,NC_069717.1,0.6470588235294118,15172659,15798336,15713653,625677,smyd1b,1.2355998859424853e-29,0.938,strong
L012,Oreochromis niloticus,GCF_001858045.2,gene,rrp12,rrp12,source:exact/synonym,NC_031978.2,18947024,21,14,14,chr3,NC_069712.1,-0.5560439560439561,15420364,20810956,16786800,5390592,rrp12,4.299898583623572e-27,0.714,strong
L012,Oreochromis niloticus,GCF_001858045.2,gene,pprc1,pprc1,source:exact/synonym,NC_031978.2,18855436,21,14,10,chr3,NC_069712.1,0.0909090909090908,15420364,20810956,20745674,5390592,pprc1,1.400907326632718e-16,0.5,moderate
L015,Dentex dentex,GCF_900880675.2,gene,ANGPTL6,angptl6,source:exact/synonym,NC_044209.1,24476461,21,21,18,chr23,NC_069732.1,-0.997936016511868,4765251,5675180,5470251,909929,angptl6,1.6134836516597087e-31,0.944,strong
L018,Larimichthys polyactis,GCF_000972845.2,gene,kif26b,kif26ba,source:duplicate-suffix,NC_040018.1,17890828,21,17,7,chr10,NC_069719.1,-0.2857142857142857,29367424,29529514,29529514,162090,kif26ba,1.1367013640237176e-09,0.571,moderate
L018,Larimichthys polyactis,GCF_000972845.2,gene,bat1,ddx39b,alias(zebrafish):exact/synonym,NC_040023.1,7701271,21,17,14,chr29,NC_069738.1,-0.2747252747252747,6652210,8299488,6834067,1647278,ddx39b,2.8181364189576148e-24,0.714,strong
L018,Larimichthys polyactis,GCF_000972845.2,gene,amfr,amfra,source:duplicate-suffix,NC_040031.1,2767973,21,15,6,chr6,NC_069715.1,-0.4285714285714286,9222218,13605853,8784381,4383635,,2.2668548619876592e-08,0.5,moderate
L019,Pelteobagrus vachelli,GCF_022655615.1,gene,HSD11B2,hsd11b2,source:exact/synonym,NC_062518.1,5296019,21,21,21,chr25,NC_069734.1,1.0,5125364,5880791,5574159,755427,hsd11b2,2.819598811289979e-40,1.0,strong
L019,Pelteobagrus vachelli,GCF_022655615.1,gene,Sema7a,sema7a,source:exact/synonym,NC_062527.1,10004123,21,20,20,chr9,NC_069718.1,-1.0,16676033,16993474,16839075,317441,sema7a,2.155319867392645e-38,1.0,strong
L020,Scatophagus argus,GCF_020382885.2,gene,Hbp1,hbp1,source:exact/synonym,NC_058499.1,8420474,21,9,3,chr18,NC_069727.1,-1.0,6618959,11407059,5752604,4788100,,0.0001772784694413,1.0,weak
L020,Scatophagus argus,GCF_020382885.2,gene,Vgll4,vgll4a,source:duplicate-suffix,NC_058500.1,8226661,21,14,11,chr16,NC_069725.1,-0.2,542677,3506618,607078,2963941,vgll4a,6.742418878576074e-19,0.727,strong
L020,Scatophagus argus,GCF_020382885.2,gene,Pim3,pim3,source:exact/synonym,NC_058514.1,11154094,21,17,17,chr18,NC_069727.1,-1.0,13496246,17352843,14370519,3856597,LOC113531729,9.626867011160682e-33,1.0,strong
L022,Ictalurus punctatus,GCF_001660625.3,gene,gas1,gas1a,source:duplicate-suffix,NC_030437.2,12130694,21,21,21,chr24,NC_069733.1,1.0,10737309,11534805,11118014,797496,gas1a,2.819598811289979e-40,1.0,strong
L025,Nibea albiflora,GCA_014281875.1,gene,PLA2G4A,PLA2G4A,source:exact/synonym,CM024792.1,7635737,21,12,5,chr19,NC_069728.1,-1.0,2038303,2139165,2139165,100862,pla2g4ab,2.81067780988277e-07,1.0,moderate
L025,Nibea albiflora,GCA_014281875.1,gene,BRINP3,BRINP3,source:exact/synonym,CM024792.1,25407391,21,10,5,chr11,NC_069720.1,1.0,24037055,25297032,26813396,1259977,,9.140939860521625e-08,1.0,moderate
L025,Nibea albiflora,GCA_014281875.1,gene,P2RY1,P2RY1,source:exact/synonym,CM024800.1,18124790,21,14,10,chr9,NC_069718.1,-0.3333333333333332,22457704,23323591,22820891,865887,,1.400907326632718e-16,0.6,moderate
L027,Dicentrarchus labrax,GCF_905237075.1,gene,Jak,jak1,source:duplicate-suffix,NW_026136718.1,8403238,21,20,19,chr2,NC_069711.1,-0.9385964912280702,20887743,21920310,21345791,1032567,jak1,3.254130273935032e-35,0.737,strong
L027,Dicentrarchus labrax,GCF_905237075.1,gene,STAT,stat2,source:duplicate-suffix,NW_026136711.1,18616644,21,12,10,chr2,NC_069711.1,0.4545454545454545,104841,847796,835146,742955,stat2,9.460377856031856e-18,0.6,moderate
L027,Dicentrarchus labrax,GCF_905237075.1,gene,MAPK,mapk1,source:duplicate-suffix,NW_026136714.1,19752840,21,18,16,chr24,NC_069733.1,0.9352941176470588,11360944,19995014,15125090,8634070,mapk1,1.0983484860177535e-28,0.875,strong
L027,Dicentrarchus labrax,GCF_905237075.1,gene,IGFI,igf1,alias(zebrafish):exact/synonym,NW_026136724.1,18045061,21,19,13,chr18,NC_069727.1,0.4890109890109889,3412760,11443085,3412760,8030325,igf1,8.287467159120525e-21,0.538,moderate
L027,Dicentrarchus labrax,GCF_905237075.1,gene,gh1,gh1,source:exact/synonym,NW_026136760.1,379516,14,7,4,chr29,NC_069738.1,-0.3999999999999999,4648810,4925386,4925386,276576,gh1,9.93274100991194e-07,0.75,moderate
L028,Cyprinus carpio,GCF_018340385.1,gene,KISS2,kiss2,source:exact/synonym,NC_056600.1,12910570,21,14,10,chr18,NC_069727.1,0.9878787878787878,2847683,3412760,2890109,565077,kiss2,1.400907326632718e-16,0.9,strong
L028,Cyprinus carpio,GCF_018340385.1,gene,IGF1,igf1,source:exact/synonym,NC_056600.1,13281266,21,15,13,chr18,NC_069727.1,0.9945054945054944,2890109,3569837,3412760,679728,igf1,3.367878148003425e-23,0.923,strong
L028,Cyprinus carpio,GCF_018340385.1,gene,SMTLB,smtlb,source:exact/synonym,NC_056606.1,18482630,21,11,11,chr17,NC_069726.1,-0.5,2291851,5137655,2748705,2845804,smtlb,1.9205758018691918e-21,0.909,strong
L028,Cyprinus carpio,GCF_018340385.1,gene,CPE,cpe,source:exact/synonym,NC_056572.1,980583,21,13,13,chr28,NC_069737.1,0.3461538461538461,12662893,14117083,13235572,1454190,,3.2868707448551467e-25,0.615,moderate
L028,Cyprinus carpio,GCF_018340385.1,gene,DMRT2b,dmrt2b,source:exact/synonym,NC_056602.1,18752651,21,11,11,chr2,NC_069711.1,0.990909090909091,22675637,23735686,23355892,1060049,,1.9205758018691918e-21,0.909,strong
L029,Epinephelus coioides,GCA_051314025.1,gene,fez2,ABVT39_024225,catfish-bridge:RBH,CM120187.1,20983070,21,17,6,chr1,NC_069710.1,0.1428571428571428,2292530,3657251,2292530,1364721,fez2a,5.480593325655092e-08,0.833,strong
L029,Epinephelus coioides,GCA_051314025.1,gene,alg3,ABVT39_020409,catfish-bridge:RBH,CM120191.1,13438869,21,20,17,chr21,NC_069730.1,-1.0,10632484,11229629,10920004,597145,alg3,1.0572865713869105e-29,1.0,strong
L029,Epinephelus coioides,GCA_051314025.1,gene,ece2,ABVT39_004967,catfish-bridge:RBH,CM120191.1,13333064,21,18,17,chr21,NC_069730.1,-1.0,10743851,11273517,10995501,529666,ece2a,1.7114264163103848e-31,1.0,strong
L029,Epinephelus coioides,GCA_051314025.1,gene,arvcf,ABVT39_000686,catfish-bridge:RBH,CM120197.1,18719238,21,16,10,chr17,NC_069726.1,-0.0181818181818181,4370078,5061113,5033813,691035,arvcfa,1.094239235637129e-15,0.8,strong
L029,Epinephelus coioides,GCA_051314025.1,gene,camk2,ABVT39_017076,catfish-bridge:RBH,CM120189.1,44961351,21,9,3,chr15,NC_069724.1,0.5,25377394,25430673,25377394,53279,camk2a,0.0001772784694413,0.667,weak
L029,Epinephelus coioides,GCA_051314025.1,gene,prrc2b,ABVT39_004392,catfish-bridge:RBH,CM120197.1,15566265,21,18,10,chr27,NC_069736.1,0.4545454545454545,1522475,5791470,1522475,4268995,prrc2b,5.8379542401483415e-15,0.9,strong
L029,Epinephelus coioides,GCA_051314025.1,gene,sardh,ABVT39_005269,catfish-bridge:RBH,CM120197.1,22000158,21,17,15,chr17,NC_069726.1,0.9964285714285712,23444494,24091368,23894263,646874,sardh,7.463703355760517e-27,0.933,strong
L029,Epinephelus coioides,GCA_051314025.1,gene,pappa,ABVT39_026765,catfish-bridge:RBH,CM120197.1,17164033,21,19,19,chr27,NC_069736.1,0.9385964912280702,1672635,3415710,2820155,1743075,pappaa,1.6475406757077463e-36,0.737,strong
L029,Epinephelus coioides,GCA_051314025.1,gene,syk,ABVT39_018797,catfish-bridge:RBH,CM120197.1,4085708,21,15,14,chr17,NC_069726.1,0.2175824175824176,15075397,17240779,17061732,2165382,syk,6.371095831407633e-26,0.643,moderate
L029,Epinephelus coioides,GCA_051314025.1,gene,tert,ABVT39_023100,catfish-bridge:RBH,CM120194.1,2016856,21,15,7,chr29,NC_069738.1,0.9285714285714288,6677101,10191028,8681566,3513927,,3.8486113193518545e-10,0.714,strong
L029,Epinephelus coioides,GCA_051314025.1,gene,ftz-f1,ABVT39_021125,catfish-bridge:RBH,CM120185.1,24625135,21,19,13,chr11,NC_069720.1,0.967032967032967,11135296,13710474,12344736,2575178,,8.287467159120525e-21,0.923,strong
L033,Oncorhynchus kisutch,GCF_002021735.2,gene,Clock,clocka,source:duplicate-suffix,NC_034183.2,30195567,21,11,11,chr19,NC_069728.1,0.6000000000000001,3349831,4605659,4277567,1255828,,1.9205758018691918e-21,0.545,moderate
S017,Oreochromis niloticus,GCF_001858045.2,coordinate,"LG7:47,464,467",,coordinate:stated-assembly,NC_031972.2,47464467,21,18,17,chr9,NC_069718.1,-0.375,20275620,24045553,20420113,3769933,tmem117,1.7114264163103848e-31,0.647,moderate
C001,Ictalurus punctatus,GCF_001660625.3,coordinate,"Chr20:14,657,971",,coordinate:stated-assembly,NC_030435.2,14657971,21,9,7,chr21,NC_069730.1,1.0,11774179,12890201,12266946,1116022,,2.3069205324140052e-12,1.0,strong
C002,Ictalurus punctatus,GCF_001660625.3,coordinate,"Chr20:14,658,012",,coordinate:stated-assembly,NC_030435.2,14658012,21,9,7,chr21,NC_069730.1,1.0,11774179,12890201,12266946,1116022,,2.3069205324140052e-12,1.0,strong
C003,Tachysurus fulvidraco,GCF_022655615.1,gene,stat5b,stat5b,source:exact/synonym,NC_062525.1,20306777,21,16,16,chr12,NC_069721.1,1.0,1464665,1811076,1588169,346411,stat5b,7.358840430354957e-31,1.0,strong
C004,Tachysurus fulvidraco,GCF_022655615.1,gene,igf1,igf1,source:exact/synonym,NC_062536.1,18259775,21,21,21,chr18,NC_069727.1,-1.0,2890109,3690241,3412760,800132,igf1,2.819598811289979e-40,1.0,strong
C004,Tachysurus fulvidraco,GCF_022655615.1,gene,myf5,myf5,source:exact/synonym,NC_062536.1,19989043,21,12,12,chr18,NC_069727.1,-1.0,864980,1779086,1462791,914106,myf5,2.512505605255551e-23,1.0,strong
C004,Tachysurus fulvidraco,GCF_022655615.1,gene,myf6,myf6,source:exact/synonym,NC_062536.1,19996704,21,12,12,chr18,NC_069727.1,-1.0,761305,1756770,1444948,995465,myf6,2.512505605255551e-23,1.0,strong
C005,Clarias macrocephalus,GCF_024256425.1,gene,egln2,egln2,source:exact/synonym,NC_071110.1,12272762,21,20,20,chr14,NC_069723.1,-1.0,16094193,16560493,16377488,466300,egln2,2.1553198673926452e-38,1.0,strong
C005,Clarias macrocephalus,GCF_024256425.1,gene,zfyve21,zfyve21,source:exact/synonym,NC_071107.1,32956181,21,13,13,chr3,NC_069712.1,0.9945054945054945,29008852,30375190,30070770,1366338,zfyve21,3.286870744855147e-25,0.923,strong
C005,Clarias macrocephalus,GCF_024256425.1,gene,jph3a,jph3a,source:exact/synonym,NC_071114.1,26631067,21,14,13,chr11,NC_069720.1,0.9945054945054945,5344908,5520616,5407086,175708,jph3a,4.5457203612100995e-24,0.923,strong
C007,Ictalurus punctatus,GCF_001660625.3,gene,gas1,gas1a,source:duplicate-suffix,NC_030437.2,12130694,21,21,21,chr24,NC_069733.1,1.0,10737309,11534805,11118014,797496,gas1a,2.819598811289979e-40,1.0,strong
C014,Tachysurus fulvidraco,GCF_022655615.1,gene,GH,gh1,manual-alias:gh1,NC_062524.1,4118386,21,15,15,chr29,NC_069738.1,1.0,4751928,5163277,4925386,411349,gh1,5.625146001980318e-29,1.0,strong
C015,Tachysurus fulvidraco,GCF_022655615.1,gene,GH,gh1,manual-alias:gh1,NC_062524.1,4118386,21,15,15,chr29,NC_069738.1,1.0,4751928,5163277,4925386,411349,gh1,5.625146001980318e-29,1.0,strong
C016,Tachysurus fulvidraco,GCF_022655615.1,gene,GH,gh1,manual-alias:gh1,NC_062524.1,4118386,21,15,15,chr29,NC_069738.1,1.0,4751928,5163277,4925386,411349,gh1,5.625146001980318e-29,1.0,strong
C017,Clarias fuscus,GCF_024256425.1,gene,mstnb,mstnb,source:exact/synonym,NC_071104.1,36327844,21,19,19,chr5,NC_069714.1,-1.0,28015687,29556481,29400907,1540794,mstnb,1.6475406757077463e-36,1.0,strong
C017,Clarias fuscus,GCF_024256425.1,gene,egfr,egfra,source:duplicate-suffix,NC_071124.1,22031024,21,18,18,chr21,NC_069730.1,1.0,17568897,18113269,17744175,544372,egfra,1.2593909234434034e-34,1.0,strong
C017,Clarias fuscus,GCF_024256425.1,gene,serca1,atp2a1,alias(zebrafish):exact/synonym,NC_071115.1,8481165,21,12,12,chr13,NC_069722.1,1.0,6155128,6290424,6254696,135296,atp2a1,2.512505605255551e-23,1.0,strong
C019,Hemibagrus wyckioides,GCF_019097595.1,gene,gng3,gng3,source:exact/synonym,NC_080727.1,20714716,21,17,17,chr15,NC_069724.1,1.0,4965904,5377269,5070036,411365,gng3,9.626867011160682e-33,1.0,strong
C019,Hemibagrus wyckioides,GCF_019097595.1,gene,aspp2,tp53bp2a,manual-alias:tp53bp2,NC_080738.1,10713227,21,18,18,chr28,NC_069737.1,-1.0,8013002,8835171,8530277,822169,tp53bp2a,1.2593909234434034e-34,1.0,strong
C019,Hemibagrus wyckioides,GCF_019097595.1,gene,mgp,mgp,source:exact/synonym,NC_080721.1,15543399,21,10,10,chr29,NC_069738.1,-0.9999999999999999,1360326,1676767,1427956,316441,mgp,1.468100768814132e-19,1.0,strong
C019,Hemibagrus wyckioides,GCF_019097595.1,gene,rusc2,rusc2,source:exact/synonym,NC_080731.1,21450294,21,15,15,chr24,NC_069733.1,-1.0,349218,936605,677083,587387,rusc2,5.625146001980318e-29,1.0,strong
C028,Ictalurus punctatus,GCF_001660625.3,gene,bmpr1bb,bmpr1bb,source:exact/synonym,NC_030431.2,1307426,21,18,18,chr17,NC_069726.1,-1.0,4343445,5076601,4625948,733156,bmpr1bb,1.2593909234434034e-34,1.0,strong
C028,Ictalurus punctatus,GCF_001660625.3,gene,fgfrl1b,fgfrl1b,source:exact/synonym,NC_030423.2,27819174,21,11,11,chr7,NC_069716.1,-1.0,1787407,3704668,3155710,1917261,fgfrl1b,1.920575801869192e-21,1.0,strong
C028,Ictalurus punctatus,GCF_001660625.3,gene,nipbl,nipblb,source:duplicate-suffix,NC_030431.2,1553739,21,19,19,chr17,NC_069726.1,-1.0,4210136,4625948,4343445,415812,nipblb,1.6475406757077463e-36,1.0,strong
C028,Ictalurus punctatus,GCF_001660625.3,gene,foxp2,foxp2,source:exact/synonym,NC_030434.2,16375911,21,19,19,chr18,NC_069727.1,1.0,16111117,17260182,16769203,1149065,foxp2,1.6475406757077463e-36,1.0,strong
C028,Ictalurus punctatus,GCF_001660625.3,gene,pax5,pax5,source:exact/synonym,NC_030444.2,2095618,21,19,19,chr28,NC_069737.1,-1.0,14128851,14707391,14440751,578540,pax5,1.6475406757077463e-36,1.0,strong
